freq_GHz,L3,C_0_IALU,C_0_FPU,C_0_FPIW,C_0_REN,C_0_ROB,C_0_MMU,C_0_SQ,C_0_BTB,C_0_DC,C_0_IW,C_0_CALU,C_0_RBB,C_0_Other,C_0_L2,C_0_IRF,C_0_LQ,C_0_BP,C_0_IC,C_0_IB,C_0_ID,C_0_FPRF,C_1_IALU,C_1_FPU,C_1_FPIW,C_1_REN,C_1_ROB,C_1_MMU,C_1_SQ,C_1_BTB,C_1_DC,C_1_IW,C_1_CALU,C_1_RBB,C_1_Other,C_1_L2,C_1_IRF,C_1_LQ,C_1_BP,C_1_IC,C_1_IB,C_1_ID,C_1_FPRF,C_2_IALU,C_2_FPU,C_2_FPIW,C_2_REN,C_2_ROB,C_2_MMU,C_2_SQ,C_2_BTB,C_2_DC,C_2_IW,C_2_CALU,C_2_RBB,C_2_Other,C_2_L2,C_2_IRF,C_2_LQ,C_2_BP,C_2_IC,C_2_IB,C_2_ID,C_2_FPRF,C_3_IALU,C_3_FPU,C_3_FPIW,C_3_REN,C_3_ROB,C_3_MMU,C_3_SQ,C_3_BTB,C_3_DC,C_3_IW,C_3_CALU,C_3_RBB,C_3_Other,C_3_L2,C_3_IRF,C_3_LQ,C_3_BP,C_3_IC,C_3_IB,C_3_ID,C_3_FPRF
0.1,0.36712129,0.086544274,0.0078395216,0.0022315923,0.0014593315,0.02334292903,0.0080286058,0.0041473956,0.004320887,0.00113221642,0.0002060122,0.056174466,0.035015521,0.0024708049,0.0004996287,0.0009925319,0.0023257973,0.02206514,0.007229321,0.00095428678,0.006093307,0.037546428,0.088856674,0.0085878916,0.0022011323,0.0011626965,0.0233420373218,0.0065562558,0.0032863256,0.003514597,0.00090281842,0.0001755682,0.056967866,0.034001021,0.0021467289,0.0003951497,0.0006872639,0.0015533373,0.01734295,0.006826311,0.00074596878,0.00525028,0.015363168,0.088897374,0.0087070416,0.0022305823,0.0011708645,0.0233420373218,0.0066441958,0.0033377556,0.003569937,0.00091651942,0.0001773852,0.056981566,0.034038021,0.0021495849,0.0003961951,0.0006963209,0.0015762573,0.0174831,0.006850391,0.00075841278,0.005267527,0.015230903,0.088888874,0.0086814916,0.0022241723,0.0011688745,0.0233420373218,0.0066247858,0.0033264056,0.003557787,0.00091349642,0.0001769842,0.056978666,0.034029921,0.0021489949,0.0003959765,0.0006940489,0.0015705073,0.01744825,0.006845071,0.00075566578,0.005264097,0.015194083
0.2,0.30666049,0.092205932,0.014679643,0.0041699227,0.0023648748,0.02482838872,0.0153457586,0.008372884,0.0087423192,0.00225722647,0.00035918779,0.05985212,0.040603039,0.0031405,0.0007027871,0.00191538258,0.004646424,0.036808777,0.009560892,0.00197162262,0.00851562,0.027667579,0.097013432,0.016059943,0.0040613127,0.0017286328,0.0248280753652,0.0121241586,0.006489014,0.0069586592,0.00175538647,0.00029261079,0.06150122,0.038408339,0.002460603,0.0004834451,0.00126694258,0.003004394,0.026794977,0.008674532,0.00151575262,0.00668746,0.015972092,0.097105632,0.016336143,0.0041294527,0.0017476648,0.0248280753652,0.0123279586,0.006608224,0.0070871992,0.00178713647,0.00029682279,0.06153302,0.038495639,0.002467038,0.0004858181,0.00128809258,0.003057954,0.027122977,0.008730612,0.00154460262,0.00672646,0.015901913,0.097050032,0.016170043,0.0040885527,0.0017361858,0.0248280753652,0.0122057586,0.006536754,0.0070100692,0.00176809647,0.00029429679,0.06151362,0.038443339,0.002463127,0.0004843961,0.00127531258,0.003025584,0.026924577,0.008696982,0.00152730262,0.00670311,0.01586153
0.3,0.28489419,0.098046899,0.02189212,0.0062211101,0.0033457491,0.0263586905312,0.0230446614,0.0128170374,0.0133797154,0.00344004652,0.00052008188,0.063646474,0.046483557,0.003818447,0.0009082494,0.00292505325,0.0071888377,0.052846637,0.012024283,0.00302619276,0.010990073,0.025117551,0.105441799,0.02374312,0.0059855201,0.0023166991,0.0263586905312,0.0178597614,0.0097856474,0.0105008154,0.00263258652,0.00041299888,0.066184074,0.042971557,0.002783178,0.0005734564,0.00186556325,0.0045041477,0.036518237,0.010591063,0.00229631276,0.008170053,0.016949672,0.105749199,0.02465102,0.0062101901,0.0023794891,0.0263586905312,0.0185287614,0.0101768074,0.0109227154,0.00273677652,0.00042681588,0.066289574,0.043258757,0.002802484,0.0005811584,0.00193520325,0.0046805977,0.037595237,0.010776003,0.00239049276,0.008300353,0.016861313,0.105636099,0.02431962,0.0061281601,0.0023568391,0.0263586905312,0.0182849614,0.0100342574,0.0107694154,0.00269880652,0.00042178188,0.066250074,0.043154857,0.002794791,0.0005784154,0.00190968325,0.0046159477,0.037200037,0.010708603,0.00235616276,0.008256683,0.016835447
0.4,0.27073929,0.104067367,0.030353225,0.0086401585,0.0044824844,0.02793473867,0.0321042141,0.0180522117,0.0188469256,0.00483306756,0.00070889518,0.067557328,0.053113845,0.004596884,0.0011463847,0.0040847739,0.0101133894,0.071155622,0.014890675,0.0042814779,0.013898733,0.024430438,0.114331967,0.032190125,0.0081099585,0.0029873544,0.02793473867,0.0242565141,0.0134646117,0.0144438256,0.00361117756,0.00054691218,0.071080628,0.047935545,0.00314099,0.0006760517,0.0025495239,0.0062207894,0.047552322,0.012711895,0.0031766379,0.009826163,0.018086779,0.114834967,0.033667625,0.0084766985,0.0030670644,0.02793473867,0.0252575141,0.0140497117,0.0150819256,0.00376703756,0.00056757618,0.071252528,0.048331945,0.003155785,0.0006822117,0.0026379839,0.0064450694,0.048908022,0.012989815,0.0033175679,0.009990413,0.018028761,0.114726967,0.033350225,0.0083979485,0.0030451744,0.02793473867,0.0250236141,0.0139130117,0.0149350256,0.00373061756,0.00056274718,0.071214628,0.048231645,0.003148624,0.0006796427,0.0026133239,0.0063825494,0.048525722,0.012924875,0.0032846379,0.009949793,0.018000349
0.5,0.26492519,0.110266954,0.039169559,0.0111910049,0.0056952837,0.0295561555602,0.041617397,0.0235480671,0.0245756298,0.00629490161,0.00090686937,0.071584772,0.060073633,0.005387301,0.001388159,0.0053271656,0.0132494601,0.090563659,0.017909986,0.00559948854,0.016895605,0.024571109,0.123655954,0.041247959,0.0104155149,0.0036915237,0.0295561555602,0.031087797,0.0173932671,0.0186592298,0.00465579161,0.00068965637,0.076180972,0.053137133,0.00349906,0.000778381,0.0032649056,0.0080176301,0.058968059,0.014974746,0.00411698854,0.011558155,0.019286566,0.124351954,0.043277059,0.0109215049,0.0038086937,0.0295561555602,0.032492497,0.0182143671,0.0195515298,0.00487445161,0.00071863237,0.076419072,0.053707133,0.003525058,0.000788715,0.0033941656,0.0083455501,0.060944559,0.015366296,0.00431474854,0.011797525,0.019299864,0.124144954,0.042672359,0.0107709049,0.0037662037,0.0295561555602,0.032045597,0.0179531671,0.0192703298,0.00480489161,0.00070941537,0.076347072,0.053513833,0.00351117,0.00078371,0.0033472556,0.0082265501,0.060221759,0.015241736,0.00425183854,0.011714205,0.019217827
0.6,0.26350989,0.116645742,0.048193654,0.0137964033,0.00693019,0.0312229297832,0.05130589,0.0291417595,0.030398951,0.00778216165,0.00110825526,0.075728806,0.067205812,0.0055005023,0.0016337403,0.0065843673,0.0164246908,0.110258548,0.021003697,0.00694096517,0.019944427,0.025107251,0.133366742,0.050897854,0.0128650033,0.00443917,0.0312231861052,0.03832419,0.0215544595,0.023120151,0.00576176165,0.00084060526,0.081468406,0.058594012,0.0032580523,0.0008851223,0.0040226773,0.0099224708,0.071079848,0.017371297,0.00511310517,0.013382987,0.020532133,0.134275742,0.053542254,0.0135261033,0.00459836,0.0312231861052,0.04017729,0.0226375595,0.024294751,0.00605017165,0.00087881326,0.081779906,0.059359112,0.0032948123,0.0008998703,0.0041977173,0.0103667908,0.073753848,0.017889797,0.00537402517,0.013707027,0.020488229,0.133983742,0.052695854,0.0133145033,0.00453914,0.0312231861052,0.03955209,0.0222720595,0.023901751,0.00595286165,0.00086592226,0.081679506,0.059087912,0.0032765623,0.0008930653,0.0041324473,0.0102010908,0.072750848,0.017714897,0.00528599517,0.013590277,0.020470251
0.7,0.25798089,0.123204339,0.059081381,0.0169460506,0.0084085443,0.0329358549796,0.063008082,0.0359077489,0.0374495062,0.0095808477,0.00135092456,0.07998944,0.07542317,0.0063719025,0.0019239766,0.0080847999,0.0202189925,0.133706394,0.024686788,0.00856465831,0.023591249,0.025913313,0.144080339,0.063447481,0.0160669506,0.0054047843,0.0329358549796,0.047776782,0.0270064489,0.0289661062,0.0072108477,0.00103707256,0.08715674,0.06509897,0.0036560325,0.0010161506,0.0050135599,0.0124195925,0.086789794,0.020409988,0.00641996831,0.015625719,0.021902539,0.145397339,0.066698381,0.0168652506,0.0055994043,0.0329358549796,0.050011882,0.0283126489,0.0303817062,0.0075586277,0.00108312756,0.08760624,0.06603057,0.0037019325,0.0010345576,0.0052266099,0.0129605925,0.090043894,0.021037588,0.00673468831,0.016023479,0.02182933,0.144836339,0.065078481,0.0164593506,0.0054860043,0.0329358549796,0.048814782,0.0276130489,0.0296295062,0.0073723677,0.00105846256,0.08741334,0.06550977,0.0036672425,0.0010215536,0.0051020399,0.0126442925,0.088132694,0.020701488,0.00656612831,0.015798859,0.021801117
0.8,0.25876999,0.129942757,0.069705234,0.020028583,0.0098755657,0.0346949436192,0.074422535,0.0425008912,0.0443076194,0.01133272275,0.00158743495,0.084366764,0.083599118,0.0072042343,0.0022018939,0.0095732026,0.0239842052,0.156947839,0.02831478,0.01014642855,0.027161797,0.026845251,0.155504757,0.076922834,0.019498683,0.0064374357,0.0346949436192,0.057869335,0.0328278912,0.0352048194,0.00875758275,0.00124652495,0.093141564,0.071967718,0.0040707243,0.0011535759,0.0060709726,0.0150862052,0.103512139,0.02365168,0.00781557855,0.018039997,0.02328588,0.156386757,0.078873934,0.019971983,0.0065388957,0.0346949436192,0.059136335,0.0335682912,0.0360107194,0.00895468275,0.00127261495,0.093442164,0.072475818,0.0040872343,0.0011608699,0.0061818726,0.0153680052,0.105198839,0.02400858,0.00799399855,0.018246697,0.023190932,0.156279757,0.078567934,0.019894983,0.0065175657,0.0346949436192,0.058910235,0.0334360912,0.0358692194,0.00891951275,0.00126795495,0.093404964,0.072377518,0.0040809543,0.0011586359,0.0061581026,0.0153076052,0.104830839,0.02394488,0.00796214855,0.018209397,0.023173957
0.9,0.25240549,0.136859975,0.081707753,0.0235152344,0.011531839,0.0364990880958,0.087318728,0.0499551466,0.0520615086,0.01331303879,0.00185420885,0.088860578,0.092603966,0.0081239647,0.0025109463,0.0112537953,0.0282389709,0.183026128,0.032385361,0.01193547639,0.031164185,0.028488875,0.166682975,0.089104553,0.0226157344,0.007385029,0.0364990880958,0.067013728,0.0380906466,0.0408353086,0.01015486879,0.00143624885,0.099097778,0.078503066,0.0044571747,0.0012802103,0.0070297153,0.0175026709,0.118669128,0.026647761,0.00907623639,0.020285185,0.025097471,0.168475975,0.093655253,0.0237427344,0.007670149,0.0364990880958,0.070197928,0.0399512466,0.0428462086,0.01065013879,0.00150179885,0.099713978,0.079851866,0.0045277247,0.0013082403,0.0073414053,0.0182948709,0.123419128,0.027547461,0.00952462639,0.020854785,0.025029731,0.167819975,0.091768353,0.0232679344,0.007536969,0.0364990880958,0.068800928,0.0391349466,0.0419699086,0.01043283879,0.00147303885,0.099486378,0.079240666,0.0044879747,0.0012931973,0.0071947453,0.0179221709,0.121175128,0.027152761,0.00932790639,0.020600285,0.025001575
1.0,0.25259249,0.143956002,0.094906493,0.0273589408,0.0133415623,0.0383482115646,0.101520841,0.058167671,0.0606019958,0.01549422784,0.00214759974,0.093471092,0.102345784,0.0091215969,0.0028477406,0.013082409,0.0328716295,0.211370367,0.036850532,0.01390689233,0.035561654,0.029703885,0.178749002,0.103265593,0.0262403408,0.0085147523,0.0383482115646,0.077769241,0.044290171,0.0474579958,0.01180072784,0.00165894974,0.105414092,0.085876684,0.0049103169,0.0014308746,0.008180839,0.0204083295,0.136794367,0.030119732,0.01056229233,0.022899054,0.026594255,0.180679002,0.108154593,0.0274542408,0.0087878323,0.0383482115646,0.081058041,0.046211771,0.0495440958,0.01231222784,0.00172660974,0.106076092,0.087222384,0.0049605169,0.0014523816,0.008478809,0.0211660295,0.141314367,0.031051732,0.01102539233,0.023446554,0.02652796,0.180184002,0.106743593,0.0270981408,0.0086885623,0.0383482115646,0.080013141,0.045601271,0.0488896958,0.01214972784,0.00170510974,0.105904092,0.086765084,0.0049313269,0.0014413806,0.008369719,0.0208886295,0.139645367,0.030755632,0.01087829233,0.023259854,0.026508332
1.1,0.25301139,0.15123484,0.108807844,0.0314801382,0.0152910356,0.0402442747358,0.116719154,0.0669571234,0.069733701,0.01782809188,0.00246119863,0.098198106,0.112693202,0.0101592341,0.0031998939,0.0150583236,0.0378802222,0.241961999,0.041623794,0.01601687706,0.040204662,0.031051748,0.19143684,0.118402844,0.0301790382,0.0096925956,0.0402442747358,0.089168654,0.0508613234,0.054483901,0.01354469188,0.00189467863,0.111999106,0.093568502,0.0053597441,0.0015814449,0.0093789236,0.0234338222,0.155631999,0.033795494,0.01213737706,0.025617962,0.028151943,0.19342984,0.123417844,0.0314281382,0.0099846156,0.0402442747358,0.092670654,0.0529073234,0.056703701,0.01408919188,0.00196669863,0.112681106,0.095007402,0.0054130141,0.0016043409,0.0096965536,0.0242417222,0.160444999,0.034790594,0.01263057706,0.026202462,0.028079158,0.19290884,0.121943844,0.0310548382,0.0098808056,0.0402442747358,0.091578054,0.0522689234,0.056019501,0.01391929188,0.00194421863,0.112502106,0.094527702,0.0053831941,0.0015930549,0.0095826536,0.0239520222,0.158703999,0.034480094,0.01247667706,0.026007362,0.0280657
1.2,0.24882929,0.158687437,0.123996978,0.0359235616,0.0173991389,0.0421860704134,0.133088136,0.0764259617,0.0795668442,0.02034173293,0.00279859053,0.1030418,0.12371801,0.0112622064,0.0035757822,0.0171914683,0.0432901899,0.274808974,0.046755445,0.018290231,0.04521416,0.032543228,0.204161437,0.133287978,0.0340140616,0.0108651389,0.0421866765804,0.100454036,0.0573609617,0.0614252442,0.01526893293,0.00212785053,0.118652,0.10129051,0.0058061464,0.0017305222,0.0105652683,0.0264293899,0.174213974,0.037459145,0.013694931,0.02833296,0.02974402,0.206339437,0.138767978,0.0353817616,0.0111798489,0.0421866765804,0.104205136,0.0595525617,0.0638022442,0.01585203293,0.00220495053,0.119398,0.10283821,0.0058636564,0.0017552122,0.0109070683,0.0272990899,0.179386974,0.038527745,0.014223131,0.02896116,0.029683788,0.205554437,0.136543978,0.0348180616,0.0110220389,0.0421866765804,0.102556736,0.0585893617,0.0627693442,0.01559573293,0.00217107053,0.119128,0.10211151,0.0058188764,0.0017381822,0.0107348683,0.0268609899,0.176760974,0.038058145,0.013990931,0.02866046,0.029665014
1.3,0.25064419,0.166321905,0.139440433,0.040452448,0.0195401222,0.0441729408492,0.149754779,0.0860635441,0.0895689474,0.02289915298,0.00314178642,0.108001804,0.134976598,0.0123784387,0.0039576015,0.019353373,0.0487744726,0.308209417,0.051997086,0.02060375464,0.050335339,0.034025809,0.217297905,0.149478433,0.038209848,0.0121407222,0.0441729408492,0.112749779,0.0644460441,0.0689901474,0.01714795298,0.00238156642,0.125500804,0.109538598,0.0062949587,0.0018944315,0.011856973,0.0296933726,0.194485417,0.041430286,0.01539295464,0.031266939,0.031449913,0.220280905,0.156493433,0.039947248,0.0125524222,0.0441729408492,0.117516779,0.0672309441,0.0720035474,0.01788885298,0.00247950642,0.126523804,0.111536598,0.0063628587,0.0019245315,0.012303673,0.0308302726,0.201248417,0.042791586,0.01606425464,0.032083639,0.031354586,0.219751905,0.154995433,0.039566448,0.0124467222,0.0441729408492,0.116403779,0.0665809441,0.0713080474,0.01771585298,0.00245664642,0.126339804,0.111045598,0.0063329487,0.0019132015,0.012187773,0.0305353726,0.199480417,0.042473886,0.01590755464,0.031886039,0.031336515
1.4,0.25013369,0.174136172,0.154739218,0.0449500354,0.0216649755,0.046205310933,0.166270342,0.0956075275,0.0994625296,0.02543065302,0.00348158031,0.113078488,0.146250976,0.0134593993,0.0043291478,0.0214790687,0.0541676133,0.341043159,0.057219018,0.02289414858,0.055394607,0.035596839,0.232650172,0.170734218,0.0436813354,0.0137787755,0.046205310933,0.128713342,0.0736690275,0.0788423296,0.01959475302,0.00271040031,0.133168488,0.119497976,0.0068524293,0.0020871878,0.0135351687,0.0339412133,0.220633159,0.046470718,0.01760574858,0.034918007,0.033178079,0.236026172,0.178761218,0.0456754354,0.0142595755,0.046205310933,0.134207342,0.0768780275,0.0823120296,0.02044835302,0.00282320031,0.134323488,0.121817976,0.0069513393,0.0021282578,0.0140553687,0.0352656133,0.228505159,0.048042918,0.01837934858,0.035868507,0.033093273,0.235203172,0.176438218,0.0450853354,0.0140939755,0.046205310933,0.132484342,0.0758717275,0.0812339296,0.02018065302,0.00278783031,0.134039488,0.121054976,0.0069054593,0.0021108178,0.0138749687,0.0348064133,0.225759159,0.047549818,0.01813674858,0.035556507,0.033067878
1.5,0.24921549,0.18212924,0.174983313,0.0508840478,0.0244622688,0.048284024323,0.188076115,0.1082371699,0.1125636127,0.02878163607,0.00392969321,0.118272072,0.160308144,0.0148537318,0.0048093181,0.0243150843,0.061370551,0.384648998,0.063980659,0.02592761342,0.061900775,0.037250209,0.24795024,0.191236313,0.0489721478,0.0153696688,0.048284024323,0.144123115,0.0825629699,0.0883341127,0.02195303607,0.00302756321,0.140868072,0.129295144,0.0074077618,0.0022778481,0.0151555843,0.038042151,0.245896998,0.051374759,0.01973871342,0.038484975,0.034960623,0.25164624,0.200081313,0.0511751478,0.0159052688,0.048284024323,0.150205115,0.0861159699,0.0921723127,0.02289803607,0.00315241321,0.142134072,0.131875144,0.0075195818,0.0023242481,0.0157344843,0.039516651,0.254656998,0.053119359,0.02059521342,0.039540275,0.03487902,0.25039324,0.196538313,0.0502738478,0.0156510688,0.048284024323,0.147575115,0.0845793699,0.0905264127,0.02248933607,0.00309842321,0.141699072,0.130707144,0.0074496518,0.0022973781,0.0154577843,0.038811851,0.250445998,0.052364859,0.02022481342,0.039064275,0.034847111
1.6,0.24845159,0.190302207,0.194612635,0.0566558302,0.0271858721,0.0504083585074,0.209258367,0.1204972302,0.1252703159,0.03203310411,0.0043646501,0.123582556,0.174131153,0.0161994243,0.0052739495,0.027059251,0.0683408267,0.426856934,0.0705902,0.02887154966,0.068296244,0.039042108,0.263914207,0.213038635,0.0546051302,0.0170612721,0.0504083585074,0.160512367,0.0920245302,0.0984266159,0.02446130411,0.0033645801,0.148851556,0.139609153,0.0079882043,0.0024782395,0.016878251,0.0424038267,0.272714934,0.0565815,0.02200784966,0.042258844,0.036801745,0.267557207,0.221646635,0.0567485302,0.0175768721,0.0504083585074,0.166400367,0.0954635302,0.1021413159,0.02537580411,0.0034853701,0.150100556,0.142102153,0.0080918143,0.0025216595,0.017435151,0.0438227267,0.281133934,0.0582735,0.02283684966,0.043267844,0.036717813,0.266546207,0.218802635,0.0560239302,0.0173735721,0.0504083585074,0.164289367,0.0942306302,0.1008223159,0.02504800411,0.0034420701,0.149748556,0.141165153,0.0080366143,0.0025004695,0.017213651,0.0432582267,0.277760934,0.0576669,0.02253964966,0.042895344,0.036695342
1.7,0.24776529,0.198654875,0.219756371,0.0640356226,0.0306547554,0.0525772938636,0.23634638,0.1362009676,0.1415533611,0.03619915916,0.00492036099,0.12900893,0.191063841,0.0178787649,0.0058576968,0.0305785987,0.0772874824,0.480547503,0.078924642,0.03264485779,0.076278512,0.040898873,0.279522875,0.233290371,0.0598521226,0.0186866554,0.0525772938636,0.17584138,0.1008613676,0.1078263611,0.02680235916,0.00367958099,0.15677093,0.149605841,0.0085669449,0.0026765568,0.0185222987,0.0465652824,0.298228503,0.061503542,0.02412575779,0.045914412,0.038700265,0.284051875,0.244301371,0.0626081226,0.0193351554,0.0525772938636,0.18341338,0.1052839676,0.1126103611,0.02797835916,0.00383486099,0.15832393,0.152776841,0.0086843649,0.0027270568,0.0192232987,0.0483514824,0.308795503,0.063683742,0.02519195779,0.047174912,0.038616502,0.283276875,0.242121371,0.0620519226,0.0191791554,0.0525772938636,0.18179338,0.1043379676,0.1115993611,0.02772665916,0.00380163099,0.15805193,0.152056841,0.0086426149,0.0027111268,0.0190524987,0.0479161824,0.306199503,0.063217142,0.02496375779,0.046895612,0.038601712
1.8,0.24508466,0.207186342,0.235888198,0.068813755,0.0329264987,0.0547927316832,0.253809433,0.146277438,0.1519667683,0.03886760221,0.00527836089,0.134552194,0.203173429,0.0189702375,0.0062391861,0.0328336564,0.083013557,0.515277833,0.084512683,0.03506103833,0.08166818,0.042854771,0.296456342,0.256688198,0.065937655,0.0205290987,0.0547927316832,0.193636433,0.111133438,0.1187697683,0.02952380221,0.00404487089,0.165199194,0.160708429,0.0091832475,0.0028904761,0.0203964564,0.051312857,0.327325833,0.067155383,0.02658883833,0.04999198,0.040649825,0.301607342,0.269348198,0.069091655,0.0212742987,0.0547927316832,0.202224433,0.116149438,0.1241907683,0.03085740221,0.00422092089,0.166963194,0.164336429,0.0093225075,0.0029499761,0.0211990564,0.053358457,0.339426833,0.069632683,0.02779803833,0.05144718,0.040585776,0.300837342,0.267193198,0.068540955,0.0211203987,0.0547927316832,0.200622433,0.115213438,0.1231927683,0.03060870221,0.00418809089,0.166695194,0.163624429,0.0092817875,0.0029344461,0.0210310564,0.052930157,0.336873833,0.069170683,0.02757253833,0.05117168,0.040566053
1.9,0.2467116,0.21589661,0.261469564,0.0743672794,0.036509662,0.0570537701956,0.281336806,0.1622266984,0.1684695575,0.0430961363,0.00584230178,0.140212358,0.220544717,0.0206247802,0.0068152554,0.036480554,0.0922877937,0.57106376,0.093026524,0.03889209187,0.089689549,0.044701559,0.31761561,0.292367564,0.0732182794,0.023254062,0.0570544960736,0.220385806,0.1266296984,0.1353065575,0.0336331363,0.00459338178,0.175134358,0.175917717,0.0100303402,0.0031947854,0.023210454,0.0584561937,0.37066176,0.075414824,0.03031079187,0.055802849,0.042721404,0.32071961,0.298234564,0.0745981794,0.023500062,0.0570544960736,0.223891806,0.1286766984,0.1375445575,0.0341774363,0.00466522178,0.176195358,0.177260717,0.0100335702,0.0032012854,0.023476554,0.0591345937,0.37462576,0.076427824,0.03080439187,0.056282349,0.042611975,0.31962861,0.295174564,0.0738362794,0.023280162,0.0570544960736,0.221616806,0.1273486984,0.1361255575,0.0338242363,0.00461860178,0.175813358,0.176245717,0.0099752302,0.0031789754,0.023236854,0.0585234937,0.37098676,0.075770524,0.03048409187,0.055887749,0.042590301
2.0,0.2445803,0.224786778,0.287866261,0.0819496878,0.040142435,0.0593621928868,0.309834758,0.1787378087,0.1855597497,0.0474724633,0.00642573567,0.145988412,0.238462805,0.0223445829,0.0074177307,0.0401266227,0.1015614314,0.626880002,0.101848665,0.04285781901,0.098173217,0.046809223,0.330531778,0.303407261,0.0760668878,0.024196835,0.0593621928868,0.228842758,0.1314368087,0.1403767497,0.0348997633,0.00476678567,0.182290412,0.182989805,0.0104056929,0.0033144107,0.0241058227,0.0607079314,0.384979002,0.078407265,0.03145501901,0.058169117,0.044781973,0.338797778,0.323618261,0.0810151878,0.025477535,0.0593621928868,0.242964758,0.1396838087,0.1492587497,0.0370919633,0.00505603567,0.185122412,0.189100805,0.0106756329,0.0034257407,0.0254804227,0.0642133314,0.405720002,0.082494465,0.03344321901,0.060654017,0.044695156,0.337232778,0.319252261,0.0799275878,0.025164035,0.0593621928868,0.239723758,0.1377918087,0.1472357497,0.0365888633,0.00498966567,0.184581412,0.187650805,0.0105941529,0.0033943307,0.0251409227,0.0633476314,0.400573002,0.081556565,0.03298701901,0.060076017,0.044666419
2.1,0.24568521,0.233856745,0.312361517,0.0892528261,0.043681169,0.0617130207044,0.337247591,0.1946088191,0.2017913659,0.0516771843,0.00698651557,0.151881357,0.255928693,0.0239752214,0.007992074,0.0436809924,0.1106019121,0.6811234,0.110382207,0.04666832015,0.106327385,0.048730707,0.351744745,0.336369517,0.0845897261,0.026802269,0.0617130207044,0.254225591,0.1461238191,0.1558833659,0.0387914843,0.00528664557,0.192353357,0.197756693,0.0112108314,0.003602644,0.0267765924,0.0674865121,0.4260794,0.086315907,0.03498032015,0.063772485,0.046937887,0.357575745,0.349544517,0.0877936261,0.027566769,0.0617130207044,0.263104591,0.1513088191,0.1614793659,0.0401694843,0.00546843557,0.194347357,0.201500693,0.0113434614,0.003661024,0.0275984924,0.0695830121,0.4384414,0.088889507,0.03623022015,0.065248285,0.046829194,0.357038745,0.348075517,0.0874258261,0.027463569,0.0617130207044,0.262013591,0.1506718191,0.1608023659,0.0400000843,0.00544609557,0.194160357,0.201015693,0.0113172014,0.003650724,0.0274838924,0.0692906121,0.4366964,0.088573307,0.03607662015,0.065082085,0.046811196
2.2,0.24458647,0.243105413,0.336909446,0.0963414445,0.047144862,0.0641120195724,0.363825564,0.2099877995,0.2176754261,0.0557496024,0.00752985546,0.157891201,0.273061381,0.0255440518,0.0085453023,0.0471473921,0.1194194768,0.734198037,0.118698048,0.05035919588,0.114330354,0.05104557,0.371117413,0.364296446,0.0916749445,0.028989662,0.0641120195724,0.275286564,0.1582807995,0.1688014261,0.0420094024,0.00571767546,0.201838201,0.210646381,0.0119148318,0.0038495223,0.0289950921,0.0731116768,0.460433037,0.092993348,0.03789479588,0.068564854,0.04915367,0.378123413,0.380648446,0.0956738445,0.029981662,0.0641120195724,0.286509564,0.1648347995,0.1758604261,0.0437511024,0.00594737546,0.204236201,0.215450381,0.0120925018,0.0039272123,0.0300585921,0.0758244768,0.476441037,0.096251648,0.03947479588,0.070480054,0.049046303,0.377132413,0.377903446,0.0949859445,0.029784662,0.0641120195724,0.284463564,0.1636397995,0.1745894261,0.0434336024,0.00590549546,0.203890201,0.214535381,0.0120419618,0.0039078023,0.0298436921,0.0752764768,0.473180037,0.095657548,0.03918669588,0.070138954,0.049026232
2.3,0.24499494,0.25253398,0.358035695,0.1024629728,0.050144055,0.0665551997906,0.386728957,0.2232138099,0.2312979493,0.0592487184,0.00799762635,0.164017935,0.288389869,0.0268847645,0.0090226307,0.0501336527,0.1270111645,0.779935753,0.125966589,0.05353034682,0.121247622,0.053139836,0.39124698,0.394135695,0.0992794728,0.031397555,0.0665551997906,0.298127957,0.1714718099,0.1827979493,0.0455009184,0.00618482635,0.211638935,0.224515869,0.0126772145,0.0041202507,0.0314417527,0.0793183645,0.498220753,0.100207489,0.04105774682,0.073795122,0.051423816,0.39948598,0.413470695,0.1039929728,0.032531855,0.0665551997906,0.311207957,0.1791108099,0.1910349493,0.0475305184,0.00645244635,0.214460935,0.230066869,0.0128734545,0.0042061807,0.0326572527,0.0824198645,0.516489753,0.104010189,0.04289914682,0.075981322,0.051320656,0.39800698,0.409370695,0.1029659728,0.032235255,0.0665551997906,0.308153957,0.1773278099,0.1891339493,0.0470567184,0.00638997635,0.213947935,0.228695869,0.0127986745,0.0041771207,0.0323361527,0.0816003645,0.511621753,0.103122389,0.04246924682,0.075452022,0.051302438
2.4,0.24271679,0.262141348,0.392711255,0.1124606412,0.054969349,0.0690460532422,0.42423305,0.2449609002,0.2537629625,0.0650103355,0.00876374125,0.170260569,0.311318157,0.0290454072,0.009786819,0.0550050034,0.1394140212,0.854210285,0.137503931,0.05875457336,0.13215739,0.055587959,0.412639348,0.426448255,0.1074516412,0.033901749,0.0690460532422,0.32225605,0.1854099002,0.1975989625,0.0491894355,0.00667799125,0.221927569,0.238962157,0.0134487372,0.004394739,0.0339864034,0.0857749212,0.537518285,0.107815831,0.04439967336,0.07922459,0.053754469,0.421789348,0.448325255,0.1128306412,0.035237249,0.0690460532422,0.33742905,0.1942699002,0.2071419625,0.0515434355,0.00698833125,0.225061569,0.245452157,0.0136898772,0.004498659,0.0354151034,0.0894208212,0.558993285,0.112233131,0.04653557336,0.08179419,0.053673609,0.420177348,0.443857255,0.1117116412,0.034913149,0.0690460532422,0.33410005,0.1923259002,0.2050709625,0.0510269355,0.00692025125,0.224500569,0.243954157,0.0136087272,0.004467429,0.0350644034,0.0885259212,0.553682285,0.111263931,0.04606687336,0.08121489,0.053645829
2.5,0.2443684,0.271928515,0.422505135,0.1210777995,0.059133512,0.0715810301996,0.456520122,0.2636561206,0.2730584757,0.0699593545,0.00942270414,0.176620093,0.331636145,0.0309037499,0.0104454273,0.0591581751,0.1499850779,0.917027203,0.147548072,0.0632419762,0.141821959,0.057878974,0.437090515,0.467948135,0.1179967995,0.037136912,0.0715810301996,0.353750122,0.2036421206,0.2169804757,0.0540174545,0.00732143414,0.233319093,0.256825145,0.0143987599,0.0047408273,0.0373027751,0.0942007779,0.588096203,0.117591072,0.0487759762,0.086070759,0.056214894,0.446527515,0.489381135,0.1232327995,0.038405512,0.0715810301996,0.368284122,0.2121291206,0.2261254757,0.0562720545,0.00761860414,0.236551093,0.263017145,0.0146178499,0.0048361073,0.0386590751,0.0976625779,0.608448203,0.121827072,0.0508217762,0.088512659,0.056089054,0.442055515,0.476997135,0.1201287995,0.037503012,0.0715810301996,0.359061122,0.2067441206,0.2203774757,0.0548414545,0.00743004414,0.235010093,0.258851145,0.0143945399,0.0047478773,0.0376916751,0.0951935779,0.593840203,0.119139072,0.0495236762,0.086828959,0.056048054
2.6,0.24401753,0.281894483,0.455463325,0.1305744779,0.063804495,0.0741617795224,0.492059455,0.284243541,0.2943085189,0.0754096786,0.01014773603,0.183095517,0.353806034,0.0328946927,0.0095797465,0.0638847978,0.1620203846,0.989081829,0.158565013,0.06818475574,0.152078927,0.060226717,0.456907483,0.494958325,0.1248884779,0.039293295,0.0741617795224,0.374198455,0.215418541,0.2294535189,0.0571293786,0.00773872603,0.243177517,0.269758034,0.0150799927,0.0044759465,0.0394627978,0.0996749846,0.621576829,0.124166013,0.05159525574,0.090869827,0.058670327,0.468065483,0.520991325,0.1312774779,0.040889495,0.0741617795224,0.392114455,0.225880541,0.2407075189,0.0599080786,0.00810490603,0.247000517,0.277482034,0.0153736027,0.0045855665,0.0411670978,0.1040253846,0.647172829,0.129395013,0.05411695574,0.093928527,0.058554127,0.464829483,0.512040325,0.1290314779,0.040236795,0.0741617795224,0.385447455,0.221987541,0.2365555189,0.0588740786,0.00796864603,0.245879517,0.274469034,0.0152133127,0.0045316465,0.0404663978,0.1022373846,0.636587829,0.127449013,0.05317855574,0.092730727,0.058515297
2.7,0.24364385,0.29204025,0.486308815,0.1395106962,0.068165188,0.07678815046,0.525481308,0.3035892214,0.3142071121,0.0805282076,0.01082905093,0.189688831,0.374896622,0.034760125,0.0101488149,0.0682630004,0.1731669812,1.055704834,0.168987655,0.07282691258,0.161908895,0.06263225,0.47899225,0.527816815,0.1332556962,0.041889188,0.07678815046,0.399039308,0.2297542214,0.2446531121,0.0609195076,0.00824547093,0.253865831,0.284772622,0.015868195,0.0047227649,0.0420839004,0.1063249812,0.661964834,0.132039655,0.05503021258,0.096537795,0.06119981,0.49053425,0.554642815,0.1398416962,0.043531888,0.07678815046,0.417482308,0.2405242214,0.2562341121,0.0637797076,0.00862232093,0.257819831,0.292722622,0.016166805,0.0048343849,0.0438379004,0.1108039812,0.688288834,0.137428655,0.05762601258,0.099670195,0.06108155,0.48749525,0.546271815,0.1377406962,0.042923288,0.07678815046,0.411252308,0.2368852214,0.2523551121,0.0628135076,0.00849502093,0.256773831,0.289903622,0.016019545,0.0047845649,0.0431844004,0.1091349812,0.678421834,0.135608655,0.05674911258,0.098556395,0.06104611
2.8,0.24366413,0.302365818,0.524354636,0.1505125146,0.073457672,0.0794678784,0.566664981,0.3274602117,0.3388242653,0.0868471467,0.01166852082,0.196398045,0.40009011,0.037050046,0.0108346632,0.0735694141,0.1866838979,1.136445255,0.181702196,0.07855884731,0.173929564,0.065855672,0.504760818,0.570255636,0.1440345146,0.045192172,0.0794610247208,0.431014981,0.2482502117,0.2642822653,0.0658132467,0.00889769082,0.265873045,0.30309611,0.016825846,0.0050264532,0.0454528141,0.1148838979,0.713696255,0.142018196,0.05946704731,0.103551164,0.064187892,0.516762818,0.598134636,0.1508835146,0.046903172,0.0794610247208,0.450184981,0.2594442117,0.2763152653,0.0687857467,0.00928925082,0.269992045,0.31136811,0.017133046,0.0051422532,0.0472792141,0.1195478979,0.741099255,0.147626196,0.06216504731,0.106797864,0.064095312,0.514286818,0.591336636,0.1491755146,0.046410572,0.0794610247208,0.445126981,0.2564902117,0.2731712653,0.0680013467,0.00918594082,0.269135045,0.30908211,0.017014546,0.0051023332,0.0467485141,0.1181928979,0.733082255,0.146146196,0.06145314731,0.105917264,0.064068683
2.9,0.24329942,0.312870286,0.570344777,0.163795943,0.079857895,0.0821804178508,0.616399733,0.3563185721,0.3685980085,0.0944882947,0.01268215871,0.203223139,0.429814298,0.039788409,0.0116415215,0.0800172708,0.2031171946,1.234373874,0.196945437,0.08549156055,0.188281632,0.068433165,0.528890286,0.607530777,0.153523943,0.048183395,0.0821804178508,0.459283733,0.2645745721,0.2815620085,0.0701288947,0.00947379871,0.277384139,0.319912298,0.017729609,0.0053105915,0.0484835708,0.1225791946,0.760366874,0.150931437,0.06337946055,0.109967032,0.066886025,0.541400286,0.636668777,0.160689943,0.049919095,0.0821804178508,0.479211733,0.2762105721,0.2940880085,0.0732184947,0.00988072871,0.281667139,0.328426298,0.018011709,0.0054195415,0.0503348708,0.1273081946,0.788102874,0.156767437,0.06618406055,0.113270932,0.066784345,0.539809286,0.632302777,0.159591943,0.049603895,0.0821804178508,0.475958733,0.2743115721,0.2920710085,0.0727141947,0.00981430871,0.281111139,0.326959298,0.017936109,0.0053943315,0.0499926708,0.1264341946,0.782926874,0.155815437,0.06572636055,0.112737132,0.066764391
3.0,0.24298199,0.323554453,0.600208228,0.172465041,0.084106448,0.0849437648744,0.648764856,0.3750283525,0.3878353617,0.0994331558,0.01334056661,0.210166143,0.450632286,0.041558331,0.0121863299,0.0842441905,0.2138779013,1.298700172,0.207127579,0.08997725229,0.1979257,0.071055328,0.559400453,0.661938228,0.167329041,0.052379548,0.0849437648744,0.500115856,0.2882293525,0.3066743617,0.0763892558,0.01030606661,0.291132143,0.342444286,0.018892231,0.0056848199,0.0527872905,0.1335259013,0.826106172,0.163546579,0.06905755229,0.1187067,0.069656088,0.570876453,0.688002228,0.173721041,0.053885348,0.0849437648744,0.517780856,0.2985443525,0.3177913617,0.0791276558,0.01066666661,0.295058143,0.349907286,0.019114331,0.0057743699,0.0543929905,0.1376269013,0.850119172,0.168725579,0.07154355229,0.1215711,0.069558168,0.565283453,0.672619228,0.169853041,0.052759548,0.0849437648744,0.506325856,0.2918553525,0.3106633617,0.0773518558,0.01043286661,0.293133143,0.344703286,0.018847331,0.0056830999,0.0531906905,0.1345559013,0.831993172,0.165367579,0.06993145229,0.1194948,0.069519248
3.1,0.24168255,0.334417521,0.638644999,0.18359783,0.089519192,0.0877523415554,0.690361639,0.3991216329,0.4126333449,0.1058059318,0.0141871485,0.217225027,0.476329074,0.043809594,0.0128632382,0.0896695201,0.227700048,1.381217587,0.22003542,0.09575912403,0.210041369,0.074118731,0.581897521,0.693712999,0.17546083,0.054951192,0.087752410156,0.524450639,0.3022446329,0.3214893449,0.0800887318,0.0108011485,0.302186027,0.357520074,0.019668594,0.0059251882,0.0553608201,0.140052048,0.865874587,0.17134442,0.07241112403,0.124371069,0.072471391,0.597116521,0.729873999,0.18438283,0.057164792,0.087752410156,0.549320639,0.3167666329,0.3370953449,0.0839437318,0.0113087485,0.307398027,0.368269074,0.020050894,0.0060704482,0.0577156201,0.146068048,0.901157587,0.17864342,0.07591112403,0.128579369,0.072387031,0.593635521,0.720314999,0.18197783,0.056466392,0.087752410156,0.542202639,0.3126106329,0.3326713449,0.0828404318,0.0111634485,0.306194027,0.365037074,0.019886594,0.0060147482,0.0569671201,0.144155048,0.889868587,0.17655442,0.07490942403,0.127320769,0.072359621
3.2,0.24240794,0.345461288,0.688767081,0.198079358,0.096555805,0.0906090929192,0.744504312,0.4305334532,0.4450099781,0.1141189228,0.0152891064,0.224400821,0.508657662,0.046710487,0.0137172665,0.0967658798,0.2457916947,1.4888557,0.236651061,0.10330407477,0.225593437,0.076974554,0.613313288,0.750959081,0.190035358,0.059393605,0.0906090929192,0.567621312,0.3272514532,0.3480199781,0.0867046228,0.0116803064,0.316355821,0.381275662,0.020881987,0.0063178665,0.0599109798,0.1516266947,0.9354127,0.184690061,0.07841277477,0.133603437,0.075435264,0.623646288,0.771993081,0.195116358,0.060470005,0.0906090929192,0.581061312,0.3350994532,0.3565049781,0.0887876228,0.0119545064,0.319890821,0.386798662,0.020992287,0.0063682365,0.0610588798,0.1545596947,0.9525187,0.188638061,0.08030407477,0.135655437,0.075290294,0.621418288,0.765899081,0.193580358,0.060027105,0.0906090929192,0.576518312,0.3324464532,0.3536879781,0.0880835228,0.0118618064,0.319118821,0.384740662,0.020888287,0.0063343965,0.0605813798,0.1533396947,0.9453117,0.187304061,0.07966477477,0.134882437,0.075265614
3.3,0.24258927,0.356681956,0.724347493,0.208423646,0.101559068,0.0935091479878,0.783117184,0.4528728736,0.4679602812,0.1200222329,0.01607384329,0.231693495,0.53294195,0.0487819,0.0143581348,0.1017385895,0.2584578714,1.564384089,0.248729502,0.1086601065,0.236953405,0.079837675,0.638417956,0.788915493,0.199734646,0.062413868,0.0935091479878,0.596355184,0.3438218736,0.3655402812,0.0910797329,0.01226444329,0.328403495,0.39853095,0.021761,0.0065926048,0.0629450895,0.1593278714,0.982051089,0.193814502,0.0823802065,0.140183405,0.078382115,0.654916956,0.826582493,0.208995646,0.064700768,0.0935091479878,0.622096184,0.3588518736,0.3816832812,0.0950687329,0.01278944329,0.334065495,0.40964595,0.0221465,0.0067399848,0.0653784895,0.1655458714,1.018477089,0.201383502,0.0860023065,0.144485405,0.078272395,0.651203956,0.816418493,0.206433646,0.063959468,0.0935091479878,0.614521184,0.3544288736,0.3769832812,0.0938948329,0.01263494329,0.332779495,0.40620595,0.0219738,0.0066813948,0.0645823895,0.1635118714,1.006478089,0.199155502,0.0849364065,0.143173405,0.078239905
3.4,0.24234514,0.368083423,0.767618215,0.220934725,0.107706942,0.0964547877798,0.829827457,0.479931954,0.4958472744,0.1271768629,0.01702326118,0.239102019,0.561623138,0.051255723,0.0151022532,0.1078993992,0.2741606281,1.658006198,0.263208744,0.11515322024,0.250613974,0.082758217,0.664628423,0.829294215,0.210045725,0.065620042,0.096455667331,0.626879457,0.361431954,0.3841582744,0.0957291629,0.01288486118,0.340909019,0.416658138,0.022683723,0.0068840532,0.0661734992,0.1675246281,1.031718198,0.203480744,0.08659692024,0.147097974,0.081419707,0.678451423,0.859360215,0.217392725,0.067331042,0.096455667331,0.646901457,0.373122954,0.3967422744,0.0988315629,0.01329316118,0.345637019,0.425159138,0.022929123,0.0069831132,0.0679922992,0.1721726281,1.058896198,0.209373744,0.08941412024,0.150336974,0.081300927,0.673746423,0.846491215,0.214149725,0.066389842,0.096455667331,0.637318457,0.367526954,0.3907912744,0.0973466629,0.01309776118,0.344013019,0.420796138,0.022712623,0.0069097632,0.0669862992,0.1696016281,1.043735198,0.206552744,0.08806572024,0.148644974,0.081266307
3.5,0.24215517,0.379663691,0.822874247,0.236949653,0.115414195,0.0994476083136,0.88965063,0.5146407544,0.5315369776,0.136358814,0.01823956308,0.246627513,0.597122026,0.0529020983,0.0160442315,0.1156581288,0.2939459948,1.775561604,0.281572785,0.12348841398,0.267735742,0.085787,0.699289691,0.892378247,0.226083653,0.070544395,0.0994476083136,0.67433863,0.3889227544,0.4132969776,0.102998814,0.01385016308,0.356358513,0.442652026,0.0228960983,0.0073157715,0.0712133288,0.1803489948,1.108681604,0.218150785,0.09319351398,0.157265742,0.08457545,0.715616691,0.929040247,0.235087653,0.072695095,0.0994476083136,0.69919463,0.4034357544,0.4288919776,0.106849814,0.01435686308,0.361945513,0.453318026,0.0232025983,0.0074413215,0.0734981288,0.1861889948,1.142801604,0.225471785,0.09669071398,0.161330742,0.08445279,0.711669691,0.918254247,0.232367653,0.071906595,0.0994476083136,0.69116263,0.3987457544,0.4239079776,0.105605814,0.01419316308,0.360577513,0.449661026,0.0230243983,0.0073801215,0.0726533288,0.1840299948,1.130071604,0.223106785,0.09556061398,0.159936742,0.08442469
3.6,0.24020532,0.391424758,0.860206132,0.248411451,0.121014708,0.102485796602,0.932390703,0.5393683347,0.5569274108,0.142890091,0.01910705197,0.254268907,0.623852815,0.0549685466,0.0167187998,0.1212208085,0.3081200214,1.859038876,0.294927626,0.12941669072,0.28028351,0.088967635,0.728223758,0.937308132,0.238106451,0.074322208,0.102486190178,0.710273703,0.4096783347,0.4352204108,0.108480091,0.01458015197,0.369896907,0.463520815,0.0238715466,0.0076508998,0.0750328085,0.1900550214,1.166618876,0.229446626,0.09816579072,0.16530651,0.087764175,0.748709758,0.984885132,0.249833451,0.077199508,0.102486190178,0.742750703,0.4286413347,0.4555834108,0.113511091,0.01524205197,0.376907907,0.477564815,0.0243295466,0.0078300598,0.0780848085,0.1978560214,1.212238876,0.239020626,0.10273469072,0.17073751,0.087660185,0.741312758,0.964706132,0.244734451,0.075714108,0.102486190178,0.727693703,0.4198493347,0.4462294108,0.111179091,0.01493515197,0.374361907,0.470687815,0.0239976466,0.0077151998,0.0765037085,0.1938150214,1.188448876,0.234582626,0.10061669072,0.16802851,0.087622015
3.7,0.24194251,0.403363626,0.925533368,0.26737116,0.130118562,0.1055737863,1.003211176,0.5804847451,0.599262604,0.1537686931,0.02054633086,0.262028201,0.665300303,0.0584547949,0.0178225682,0.1303764682,0.3314787381,1.997281856,0.316586268,0.13929305046,0.300406779,0.092494414,0.759701626,0.990333368,0.25161016,0.078482162,0.105569666833,0.750200176,0.4327567451,0.459632604,0.1145756931,0.01539103086,0.384363201,0.486195303,0.0249251949,0.0080141382,0.0792495682,0.2007747381,1.231021856,0.241936268,0.10369705046,0.174089779,0.091035474,0.780131626,1.037604368,0.26330516,0.081337762,0.105569666833,0.782539176,0.4516387451,0.479907604,0.1195856931,0.01604993086,0.391359201,0.500162303,0.0253704949,0.0081895282,0.0822777682,0.2085157381,1.276251856,0.251478268,0.10824705046,0.179471779,0.090925444,0.777055626,1.029224368,0.26118616,0.080724962,0.105569666833,0.776281176,0.4479857451,0.476032604,0.1186156931,0.01592243086,0.390286201,0.497314303,0.0252336949,0.0081433282,0.0816183682,0.2068307381,1.266321856,0.249632268,0.10736605046,0.178416779,0.090899044
3.8,0.24194958,0.415482294,0.956843924,0.276483808,0.134745815,0.108699329501,1.037104148,0.6000320455,0.6193105672,0.1589216231,0.02123270176,0.269903295,0.687667591,0.0600109131,0.0183505465,0.1349711378,0.3431761948,2.067332055,0.327369709,0.1439704932,0.310566247,0.095748046,0.792588294,1.048569924,0.266538808,0.083074315,0.108699329501,0.794387148,0.4583160455,0.4866775672,0.1213286231,0.01628840176,0.399365295,0.510902591,0.0260712131,0.0084104865,0.0839162378,0.2126441948,1.302332055,0.255702709,0.1098244932,0.183708247,0.094410216,0.816247294,1.102529924,0.279871808,0.086387015,0.108699329501,0.831442148,0.4799520455,0.5098835672,0.1270676231,0.01704320176,0.407464295,0.527016591,0.0266043131,0.0086186665,0.0874266378,0.2216191948,1.354772055,0.266643709,0.1150374932,0.189933247,0.094292106,0.808414294,1.081209924,0.274479808,0.084816815,0.108699329501,0.815535148,0.4706640455,0.5000085672,0.1246036231,0.01671920176,0.404765295,0.519742591,0.0262597131,0.0084987165,0.0857555378,0.2173461948,1.329652055,0.261946709,0.1127994932,0.187090247,0.094245386
3.9,0.24169094,0.427781761,1.01898878,0.294449437,0.143471538,0.111877579,1.104118021,0.6389103059,0.6594093204,0.1692018832,0.02259326765,0.277895389,0.727513679,0.0632271014,0.0193866648,0.1437708475,0.3656244215,2.199360634,0.34795385,0.15330501893,0.329742516,0.099123358,0.826650761,1.10771878,0.281655437,0.087721638,0.111874505726,0.839082021,0.4841653059,0.5140153204,0.1281558832,0.01719556765,0.414831389,0.535921679,0.0272201014,0.0088096048,0.0886343475,0.2246434215,1.373630634,0.26963785,0.11602001893,0.193449516,0.097850328,0.851476761,1.16454878,0.295710437,0.091233138,0.111874505726,0.878199021,0.5070053059,0.5385023204,0.1342138832,0.01799226765,0.423332389,0.552968679,0.0277883014,0.0090309648,0.0923533475,0.2341524215,1.429180634,0.28119685,0.12152301893,0.200028516,0.097729298,0.845081761,1.14714878,0.291306437,0.089952138,0.111874505726,0.865205021,0.4994173059,0.5304443204,0.1322008832,0.01772756765,0.421118389,0.547029679,0.0275082014,0.0089337948,0.0909872475,0.2306594215,1.408640634,0.27735685,0.11969501893,0.197749516,0.097686368
4.0,0.24157046,0.440258029,1.071310947,0.309756075,0.150871811,0.115098639,1.161220994,0.6719975662,0.6932958936,0.1779434752,0.02375153054,0.286003283,0.761912567,0.0659333397,0.0202659332,0.1511226372,0.3843734782,2.310534828,0.365634892,0.16124162967,0.346196384,0.102523,0.860344029,1.165380947,0.296407075,0.092271211,0.115108444,0.882703994,0.5093805662,0.5406628936,0.1348134752,0.01808053054,0.430223283,0.560527567,0.0283441397,0.0092006432,0.0932433372,0.2363634782,1.444054828,0.283273892,0.12206162967,0.203013384,0.10136306,0.885979029,1.224000947,0.310908075,0.095893911,0.115106504,0.923040994,0.5329325662,0.5659108936,0.1410594752,0.01890193054,0.438998283,0.578117567,0.0289251397,0.0094282132,0.0970775372,0.2461684782,1.501294828,0.295201892,0.12773662967,0.209803384,0.10123449,0.883321029,1.216830947,0.309090075,0.095374211,0.115107074,0.917691994,0.5298085662,0.5626058936,0.1402314752,0.01879293054,0.438073283,0.575686567,0.0288124397,0.0093898032,0.0965166372,0.2447334782,1.492844828,0.293619892,0.12698362967,0.208938384,0.10121046
